snapshot,sim_time_s,current_phase,elapsed_seconds,phase_deviation_pct,waiting_vehicles,avg_speed,co2_mg_s,nox_mg_s,traci_cmd_count,traci_set_count_60s,source_connection_count,door_state,vibration_level,cabinet_temperature_c,power_voltage,cmd_rate_delta,phase_extension_detected,sensor_anomaly_flag,co2_spike_flag,attack_active,label,attack_kind
0,300,0,27.124679051949638,0.0,12,3.0570689713164048,25583.300027747493,10.015073751209044,4,2,1,0,0.03594026273367144,24.447988216996375,12.15081479945503,0.0,0,0,0,0,normal,none
1,305,0,29.820535436048242,0.0,13,2.868707639605855,25890.052587336915,10.212443394863453,2,2,1,0,0.05682023212811977,22.513024427744607,12.15147369856652,-1.0,0,0,0,0,normal,none
2,310,0,30.03464895137925,0.11549650459749945,13,2.903353508666486,36887.80066149378,13.88586589098053,2,1,1,0,0.08903116958904209,20.899851255108565,11.949235333279313,-0.6666666666666665,0,0,0,0,normal,none
3,315,0,30.508955681609436,1.6965189386981194,0,7.331753746411674,80198.82167796987,23.713219385449428,4,0,1,0,0.0870005637757128,26.24220774007918,12.32734339045122,1.0,0,0,1,0,normal,none
4,320,0,27.56630139967552,0.0,1,9.723576148360758,64438.74633534084,21.608112885227253,4,2,1,0,0.11328327459657729,30.98700719404983,12.273994924632134,0.7999999999999998,0,0,1,0,normal,none
5,325,0,31.508137643727057,5.02712547909019,1,7.953999475332099,38692.48898492184,12.929769225872903,2,1,1,0,0.023158580578410776,18.854386708025803,11.875000000008932,-1.0,0,0,0,0,normal,none
6,330,0,29.09775227447463,0.0,5,8.211269197223993,40754.71277858788,14.368503605102205,2,2,1,0,0.02552261547914982,26.264896284048678,12.18598941664959,-0.6666666666666665,0,0,0,0,normal,none
7,335,0,29.64179706994584,0.0,5,7.131597727660122,34959.084376698556,12.322877090790909,4,1,1,0,0.05363724817106523,19.87626659902627,11.81657132695479,1.0,0,0,0,0,normal,none
8,340,0,32.100493862272494,7.001646207574979,5,6.523061792071899,36273.61298788135,12.427467237552104,3,1,1,0,0.03314959608478885,19.663072901821778,12.189710290469655,-0.16666666666666652,0,0,0,0,normal,none
9,345,0,32.43906300329755,8.130210010991826,6,5.6561519842909505,45755.373190056576,16.21060295315598,5,2,1,0,0.020251999937722937,20.50134420113052,12.166119818991227,1.6666666666666665,0,0,0,0,normal,none
10,350,0,28.643702233776438,0.0,7,5.383292633184357,34344.39272220001,12.634202978150679,4,0,1,0,0.031774803589012274,22.35338359047123,11.87457836087629,0.6666666666666665,0,0,0,0,normal,none
11,355,0,26.892395533110914,0.0,9,3.9705973355044017,34735.30981387954,12.539760588805361,3,0,1,0,0.14502446500156294,19.14808363042194,12.266543095068847,-0.5,0,0,0,0,normal,none
12,360,0,31.75402219574215,5.846740652473829,0,9.083664999796756,52443.459503592254,16.749836786350738,2,0,1,0,0.13266892963225596,24.51382305685084,12.152792665801956,-1.5,0,0,0,0,normal,none
13,365,0,29.46030701433581,0.0,0,9.98844251496441,22234.650842571114,7.748168193426268,2,2,1,0,0.0617825000726543,25.944797753248768,11.925505720410952,-1.1666666666666665,0,0,0,0,normal,none
14,370,0,34.045868791175295,13.486229303917648,5,6.981308295358905,28252.780124178083,10.339869061244416,4,1,1,0,0.09709607949003851,19.192841959107977,11.872820409208934,0.6666666666666665,0,0,0,0,normal,none
15,375,0,28.512251957279368,0.0,7,4.716232860591482,22974.122047892102,8.627633122403372,2,0,1,0,0.03527906388851334,19.96699155467098,12.277289450702394,-0.8333333333333335,0,0,0,0,normal,none
16,380,0,33.945703033112444,13.152343443708146,8,4.0581770390197995,29453.216690650213,10.436198338499008,2,1,1,0,0.13524845694405463,22.781280495977096,11.825164859980655,-0.5,0,0,0,0,normal,none
17,385,0,28.615553576331788,0.0,8,5.418387025828475,43287.624357662164,15.572034246537328,5,2,1,0,0.053735292769683266,22.87098515366837,12.381638982947651,2.1666666666666665,0,0,0,0,normal,none
18,390,0,31.801026389299608,6.003421297665359,8,5.8039491191807855,37980.74711348654,13.92754588135592,4,2,1,0,0.08039709935529801,19.987775614897096,12.187547322920222,0.8333333333333335,0,0,0,0,normal,none
19,395,0,32.318228576554134,7.727428588513779,9,5.090378525054997,43211.94538155813,15.494849202643042,2,2,1,0,0.05766895742626612,18.458369286665278,12.075656842525046,-1.1666666666666665,0,0,0,0,normal,none
20,400,0,31.78623062042776,5.954102068092529,10,3.5991790325930473,42204.66784550613,15.671518214227103,3,2,1,0,0.10660343350099687,29.81086556411653,11.865510767679902,0.0,0,0,0,0,normal,none
21,405,0,27.063733158736444,0.0,3,5.6622003344622645,65382.14066393596,20.87928356294851,4,2,1,0,0.056060462145630006,20.437536476325118,12.078871073789273,0.6666666666666665,0,0,1,0,normal,none
22,410,0,30.041349252233996,0.1378308407799859,6,8.330071068651709,41355.21737370368,14.894230935781613,4,2,1,0,0.02221095745462609,18.897515022978958,12.370274484126512,0.3333333333333335,0,0,0,0,normal,none
23,415,0,30.73680328571399,2.4560109523799647,6,4.938950080414935,47208.39387494786,15.252524509486184,2,0,1,0,0.1100100988390168,30.53256695256445,11.901867778721037,-1.1666666666666665,0,0,0,0,normal,none
24,420,0,32.72687092356733,9.089569745224443,6,6.620588549226232,47309.78463195803,15.664471019391495,5,0,1,0,0.06890343244176429,27.657873137442785,12.003691104545506,1.6666666666666665,0,0,0,0,normal,none
25,425,0,32.79376669867787,9.31255566225957,8,5.6103152807778764,36934.034196135995,13.052277473187521,2,2,1,0,0.11309652915957445,24.824950649627603,11.803396293514668,-1.3333333333333335,0,0,0,0,normal,none
26,430,0,33.62010385420974,12.067012847365792,11,4.091208389538059,44151.9033591601,16.301891055241313,4,2,1,0,0.020963566330055368,19.81384485738284,11.878934771073993,0.5,0,0,0,0,normal,none
27,435,0,29.63835336684601,0.0,13,3.2676347913946,40922.09520866373,14.661477608869786,4,0,1,0,0.058033799870739186,31.501409344932014,12.302796253137018,0.5,0,0,0,0,normal,none
28,440,0,27.21608460952035,0.0,13,3.294741954135534,40876.496957617775,15.005303601902968,2,2,1,0,0.06529844595762696,18.953160861094418,12.344270965010024,-1.1666666666666665,0,0,0,0,normal,none
29,445,0,29.108372612388905,0.0,15,2.194048892174402,34980.44254944909,13.515822322405453,5,0,1,0,0.12304986347067055,23.056804772614328,12.074102523539882,1.3333333333333335,0,0,0,0,normal,none
30,450,0,27.36421027575173,0.0,2,5.563575257045468,64943.97433030717,20.368815976286605,2,1,1,0,0.148515864558542,27.792609151417658,12.352748055182902,-1.1666666666666665,0,0,1,0,normal,none
31,455,0,28.798787042281642,0.0,5,8.508999949763663,70401.1975333511,24.90347066557345,4,1,1,0,0.02760567540306685,31.292102749051843,12.058513396799755,0.5,0,0,1,0,normal,none
32,460,0,29.735645482757104,0.0,8,6.4618213621284015,50471.46014116687,17.903652998936344,2,1,1,0,0.025705316848530797,23.51478405762842,12.252548491225316,-1.1666666666666665,0,0,0,0,normal,none
33,465,0,26.956312057476794,0.0,10,5.001378941718522,40799.874154035395,14.750693224476917,4,0,1,0,0.13715971279743508,23.15456745185832,11.953275245076396,0.8333333333333335,0,0,0,0,normal,none
34,470,0,32.71991701662921,9.066390055430702,9,5.106962024665732,55800.63675887916,19.365345625898346,3,0,1,0,0.025955360223464456,18.806606078330933,12.292081483766374,-0.3333333333333335,0,0,0,0,normal,none
35,475,0,29.303516263604397,0.0,12,5.428239551875985,44950.7483159793,16.64835973419954,3,1,1,0,0.1494100397768037,23.258208690251116,11.871319923150445,0.0,0,0,0,0,normal,none
36,480,0,28.298076557126247,0.0,14,3.7250547777276277,45266.9194145409,16.194490759074494,5,1,1,0,0.02822936762853003,22.807083089217382,11.907560690919366,1.5,0,0,0,0,normal,none
37,485,0,30.779295405353594,2.5976513511786457,15,3.7901408878235836,57240.46285740625,20.745518285137248,4,0,1,0,0.07454443456311872,25.618045422889956,11.817764119044206,0.5,0,0,0,0,normal,none
38,490,0,28.886753362236608,0.0,18,2.594334485831345,47653.97110796345,18.982674350712802,4,1,1,0,0.10719458653954286,31.67360961029539,12.126997689759001,0.16666666666666652,0,0,0,0,normal,none
39,495,0,31.966670676025235,6.555568920084115,3,5.259536606230535,96010.86012604313,29.194598420347422,3,1,1,0,0.1464631138196259,30.440173426925053,11.800906818752807,-0.6666666666666665,0,0,1,0,normal,none
40,500,0,32.06670660019165,6.889022000638836,2,8.55648499787071,71426.33359248172,24.170023451843992,5,2,1,0,0.06135764029642722,19.816261658140586,12.126103231539632,1.0,0,0,1,0,normal,none
41,505,0,26.192187056348153,0.0,5,7.068540298682033,62366.709496131596,21.85111930890763,3,0,1,0,0.06548741954603,20.504019150887604,11.870163151410672,-1.0,0,0,1,0,normal,none
42,510,0,30.387012868987423,1.2900428966247428,8,7.077603318922797,63959.97901238087,22.56357731128937,5,1,1,0,0.11328295075126653,18.983147580071456,11.82508373611187,1.0,0,0,1,0,normal,none
43,515,0,28.428444616945058,0.0,6,6.683206592912229,57840.13049630368,19.72350439133401,2,2,1,0,0.10692425691862356,29.72371647244599,12.283642912884794,-1.6666666666666665,0,0,0,0,normal,none
44,520,0,27.676052087078173,0.0,7,5.970894041922023,49163.142116014875,16.678605832956457,5,0,1,0,0.04438246753363599,29.269747600360283,12.120783000107792,1.1666666666666665,0,0,0,0,normal,none
45,525,0,30.984356517836336,3.281188392787785,7,5.753149038711054,36397.2498083138,12.634269679124383,4,1,1,0,0.09655603350817626,24.024005051801307,12.016354938944673,0.0,0,0,0,0,normal,none
46,530,0,26.031525418325923,0.0,8,6.078123770469538,45966.99307833086,16.235408658402704,5,0,1,0,0.030396952208249697,29.0369960959281,12.355620227667526,1.0,0,0,0,0,normal,none
47,535,0,32.53626707249375,8.454223574979167,9,3.839201073743803,20435.031486551776,7.968664284539862,5,0,1,0,0.04183831881404781,18.896423647761967,12.217401326933489,0.666666666666667,0,0,0,0,normal,none
48,540,0,27.87613217371319,0.0,0,7.917308205702637,76102.23560316619,24.104076245877938,2,1,1,0,0.033324402735726684,21.831236782584828,11.922210178320352,-1.8333333333333335,0,0,1,0,normal,none
49,545,0,28.80120592458486,0.0,2,10.055857729648768,42186.68298587346,14.765819464625746,2,2,1,0,0.039844821523897206,25.31642136024465,12.26045577615974,-1.8333333333333335,0,0,0,0,normal,none
50,550,0,32.9734313283802,9.911437761267337,5,5.339199727753892,31830.69800642822,10.906866833557453,3,2,1,0,0.034405536067539544,30.053396533433805,12.075857337315158,-0.5,0,0,0,0,normal,none
51,555,0,30.332090293628745,1.106967645429151,8,6.467610400616359,40403.49611043567,14.75336344260537,4,2,1,0,0.06671454155309624,25.401868333729993,12.033221723431756,0.5,0,0,0,0,normal,none
52,560,0,29.900704072040302,0.0,8,5.214142021372163,32658.205713945867,11.968742453086145,3,1,1,0,0.120733597053136,24.67251493869791,12.38467118062361,-0.16666666666666652,0,0,0,0,normal,none
53,565,0,30.84573057260832,2.8191019086944045,9,5.544054219017989,35079.3134724592,12.927221630925352,3,1,1,0,0.14485346499185828,25.14756025872558,12.007034364122317,0.16666666666666652,0,0,0,0,normal,none
54,570,0,30.161319061264443,0.5377302042148102,11,3.7248475048486274,28255.900378480215,10.570822911194409,5,1,1,0,0.136891535686064,18.3237583516297,11.89231769120652,1.6666666666666665,0,0,0,0,normal,none
55,575,0,27.29773864501018,0.0,11,4.878442569936759,41975.7039933814,15.342859570039723,3,0,1,0,0.1020157064438258,29.842536594991376,12.229641188691062,-0.5,0,0,0,0,normal,none
56,580,0,27.676491102813955,0.0,12,3.452440164350673,31196.923574511435,11.433283586572129,4,2,1,0,0.08798215276272114,18.196154854184577,12.274502706248894,0.3333333333333335,0,0,0,0,normal,none
57,585,0,33.50181892032812,11.672729734427065,0,8.308656424602528,97029.20250026773,30.50608529177085,2,0,1,0,0.04957650996725852,29.41399596784739,12.149819889777195,-1.3333333333333335,0,0,1,0,normal,none
58,590,0,29.75662616519065,0.0,2,10.286817395091783,69871.09195140509,24.229320206312263,3,0,1,0,0.02424552837609617,24.379690128417437,12.26304036847364,-0.3333333333333335,0,0,1,0,normal,none
59,595,0,30.206622475758454,0.6887415858615142,2,6.4945072582805805,53598.16090137012,17.208216625216362,3,1,1,0,0.14213621648083438,21.9273700620944,11.87986344010091,-0.3333333333333335,0,0,0,0,normal,none
60,600,0,30.104801366699633,0.34933788899877527,3,8.011203822225154,58616.190124326895,19.591863096403696,5,2,1,0,0.05225451479969871,19.82991472101562,11.85690739917193,1.6666666666666665,0,0,0,0,normal,none
61,605,0,32.03848818540282,6.794960618009398,7,6.339113687296122,31166.318402554996,11.650085867182034,2,2,1,0,0.09383725926309561,28.912936226518653,11.869654922757327,-1.1666666666666665,0,0,0,0,normal,none
62,610,0,31.86397575322738,6.21325251075793,8,4.781234073085782,49985.95072649154,16.81006496945149,2,2,1,0,0.13259796405300883,26.900406129060922,12.174533143109663,-0.8333333333333335,0,0,0,0,normal,none
63,615,0,28.533932530244318,0.0,8,5.2354394372468445,26427.60343838488,9.805580981560968,4,2,1,0,0.07769205043292671,31.574350216805957,11.820457310005166,0.8333333333333335,0,0,0,0,normal,none
64,620,0,31.690257212533638,5.634190708445459,10,3.42588371354681,29036.48215483407,10.539019806640118,4,1,1,0,0.05345176745597364,22.564818890082055,11.943867923415901,0.6666666666666665,0,0,0,0,normal,none
65,625,0,35.94014400072332,19.80048000241107,11,4.2396450741398,29618.793738988934,11.126086636994483,2,0,1,0,0.07600828981600734,18.515082702755002,12.152387328910399,-1.1666666666666665,0,0,0,0,normal,none
66,630,0,31.235661946139217,4.118873153797391,4,6.55347899621304,58670.675684505164,18.582769221845698,3,0,1,0,0.09600703951149478,24.487505224003343,12.282075598965356,0.16666666666666652,0,0,0,0,normal,none
67,635,0,31.21702879910889,4.056762663696294,1,10.169352591547115,65631.00668531613,21.495359842135766,2,2,1,0,0.14773562964601375,23.40693543594184,11.98718685154425,-0.8333333333333335,0,0,1,0,normal,none
68,640,0,32.010752494126834,6.702508313756113,3,7.181241951790198,31637.164906918024,11.395624924070926,3,0,1,0,0.12743561858021915,24.971605930680784,12.154001730818434,0.0,0,0,0,0,normal,none
69,645,0,30.32540540420969,1.0846846806989656,7,5.564306972540571,32581.9532471201,11.60730291382807,3,0,1,0,0.10464074897329537,25.733881196948566,12.010723834651293,0.16666666666666652,0,0,0,0,normal,none
70,650,0,29.628437897089583,0.0,9,4.3581698005058005,35173.89618833844,12.782555186933774,4,0,1,0,0.029268414814037542,24.40827951737096,11.99038626211824,1.1666666666666665,0,0,0,0,normal,none
71,655,0,28.785505311616483,0.0,9,3.706403014300731,21667.69342670676,8.401550791395124,3,2,1,0,0.12364057750991693,30.242061821867992,11.863216225472419,0.0,0,0,0,0,normal,none
72,660,0,26.98112740347635,0.0,11,3.5613602886710565,40956.642323217005,14.902580615643163,4,2,1,0,0.14948255336059513,24.703306250852105,11.9972978426216,0.8333333333333335,0,0,0,0,normal,none
73,665,0,31.88563034526497,6.28543448421657,12,3.650964393570979,32200.946197383586,11.918422381987067,5,2,1,0,0.02403911285196422,29.3363350183434,11.974142517091932,1.3333333333333335,0,0,0,0,normal,none
74,670,0,30.611137880548743,2.037126268495809,13,3.1381695421868256,44841.020485741574,16.022740715281195,5,0,1,0,0.1317425025096664,18.074685653366334,12.361502365821282,1.0,0,0,0,0,normal,none
75,675,0,32.914033123582165,9.713443745273882,2,6.1631290653206054,67756.45576686271,21.640983045764322,4,1,1,0,0.03371550536089228,24.76223711669237,11.806073143881827,-0.16666666666666696,0,0,1,0,normal,none
76,680,0,30.143757614733993,0.47919204911330837,1,7.490709868760351,52447.76882118447,17.294491989618678,4,0,1,0,0.07354581360682115,24.867216716753354,11.982155521226996,-0.16666666666666696,0,0,0,0,normal,none
77,685,0,30.133349274153936,0.44449758051311977,4,7.865569309193765,70041.48684508474,22.93161318428838,4,1,1,0,0.06497079478013128,27.636043746957586,12.108815205905486,-0.33333333333333304,0,0,1,0,normal,none
78,690,0,26.165841928736008,0.0,8,6.872854870456635,58356.822574853824,21.034074095193965,5,0,1,0,0.1419129694503304,21.418131061903058,12.38244995696421,0.5,0,0,0,0,normal,none
79,695,0,30.367185013551314,1.2239500451710466,11,3.6813275499787013,46346.27615308971,16.659270778260378,2,2,1,0,0.11042621954618309,25.246993997961532,12.295859317344135,-2.0,0,0,0,0,normal,none
80,700,0,30.601881259704705,2.0062708656823482,12,4.621843852700315,58043.74981449977,21.392618115735615,2,0,1,0,0.08120387365909061,23.531000211519746,12.240711744340135,-1.5,0,0,0,0,normal,none
81,705,0,31.219732156699546,4.065773855665154,14,2.4746271590829867,42379.15410814803,16.080943472175186,4,1,1,0,0.1341783330990143,29.984712088810056,11.88505386510188,0.5,0,0,0,0,normal,none
82,710,0,28.641107014570807,0.0,16,2.641727855063549,35496.17647355989,13.49629393323742,4,0,1,0,0.07604011105135246,25.7609139711465,12.360671964428578,0.5,0,0,0,0,normal,none
83,715,0,31.0348917803766,3.4496392679220023,18,2.8240370098653957,46842.02030889996,17.66202103489477,2,2,1,0,0.12810514226565992,29.571885996338246,12.362538544454921,-1.1666666666666665,0,0,0,0,normal,none
84,720,0,26.633610740238144,0.0,2,5.159337939242878,82292.08050158291,24.554225569183263,5,1,1,0,0.14483457223539214,27.910791612126282,12.287799173854282,1.8333333333333335,0,0,1,0,normal,none
85,725,0,31.366968180108348,4.556560600361158,1,8.470142513564442,60995.4753155071,20.10804022333132,5,0,1,0,0.12737405598730958,18.63558510414789,11.960886882566566,1.3333333333333335,0,0,1,0,normal,none
86,730,0,27.30213445808319,0.0,4,6.307879643771537,47224.85775630628,16.235777694558603,2,0,1,0,0.06290388663696556,25.73193457899088,12.122614918140306,-1.6666666666666665,0,0,0,0,normal,none
87,735,0,29.785470397545456,0.0,10,4.659635793106102,65840.80201390247,23.265941575662943,3,2,1,0,0.024308802304347128,31.244770943988406,12.3939246273886,-0.5,0,0,1,0,normal,none
88,740,0,27.917718239458793,0.0,12,3.9800816672264507,45002.52309310217,17.890555142110856,2,1,1,0,0.04236864114859651,20.701929857276227,12.084066392546175,-1.1666666666666665,0,0,0,0,normal,none
89,745,0,30.168838716006874,0.5627957200229142,18,2.6110527074948906,45446.783623698895,17.128926282527164,3,1,1,0,0.13013473611887158,24.887527259142505,12.149649971825674,-0.3333333333333335,0,0,0,0,normal,none
90,750,0,30.180941887464765,0.6031396248825516,18,3.0465011815041465,55826.81649904888,20.94764364512156,3,0,1,0,0.022011426016426673,26.692776541055053,12.135581823691632,0.0,0,0,0,0,normal,none
91,755,0,29.796316285460495,0.0,20,2.52019309262469,41053.974314221865,15.987342363670852,4,2,1,0,0.04615895197324958,19.56103591037984,12.265814183159927,1.1666666666666665,0,0,0,0,normal,none
92,760,0,33.334601336887964,11.115337789626548,20,2.1027452278601015,45467.81071292568,17.344017879609655,3,1,1,0,0.020883830991164663,27.759632036562973,12.359520654485776,0.0,0,0,0,0,normal,none
93,765,0,31.69833736647949,5.6611245549316305,2,5.26881013972957,92477.22393447606,29.051518669149907,2,1,1,0,0.05297719479360332,28.20693612174829,12.114189470089798,-0.8333333333333335,0,0,1,0,normal,none
94,770,0,32.93435300618158,9.781176687271937,5,7.347626249585025,86356.95275158121,29.834781731083645,3,0,1,0,0.13786552078908137,18.175493128783337,12.378641578454115,0.0,0,0,1,0,normal,none
95,775,0,31.798689297927158,5.9956309930905265,9,5.197555917975016,86850.36268527097,29.007447514128636,3,0,1,0,0.0934434282474394,21.164948242481376,12.051504930967377,0.0,0,0,1,0,normal,none
96,780,0,26.237311602990594,0.0,9,6.302461941066936,76559.00252936732,25.684287618859706,4,2,1,0,0.07554989310091619,23.40231560098904,12.146999295067925,0.8333333333333335,0,0,1,0,normal,none
97,785,0,27.689037931972468,0.0,11,5.062601303132364,72106.29402285186,25.00337270774243,2,0,1,0,0.14325725016500324,28.670376100384992,11.853153671364195,-0.8333333333333335,0,0,1,0,normal,none
98,790,0,25.56293430015541,0.0,14,4.269036481062069,51713.850735452565,18.936814824771105,3,2,1,0,0.03276525419891431,19.718498940180986,11.846264320125192,0.16666666666666652,0,0,0,0,normal,none
99,795,0,31.121532717617033,3.7384423920567755,17,3.650682122994568,60150.10127280663,22.04091025528857,2,1,1,0,0.12005485966145212,29.401679087105588,12.219269193499148,-0.8333333333333335,0,0,1,0,normal,none
100,800,0,30.828675920688212,2.762253068960708,18,3.5798619113394397,59111.36917190766,21.61686734888655,5,2,1,0,0.08999830460181285,28.178952265079374,12.129967628899003,1.8333333333333335,0,0,1,0,normal,none
101,805,0,30.76995277219119,2.566509240637297,19,3.1206722057980807,45177.69115046399,17.347397910317238,5,0,1,0,0.03192887537044549,28.168366593628292,12.14244106026788,1.5,0,0,0,0,normal,none
102,810,0,33.20232826749421,10.674427558314031,3,5.738435963304,78610.78818536762,24.809871508918086,3,2,1,0,0.03276862456347409,27.225365150527857,11.80328614784047,-0.3333333333333335,0,0,1,0,normal,none
103,815,0,28.028037135363967,0.0,6,8.596578284757998,65968.24418804458,23.491972676143043,2,2,1,0,0.0525756789811436,28.57016238902657,12.05883842868305,-1.3333333333333335,0,0,1,0,normal,none
104,820,0,28.348746252045633,0.0,4,6.108566894980459,52851.18106411224,16.9052496271367,4,1,1,0,0.1498714798836155,22.02800394018387,12.261363155382638,0.5,0,0,0,0,normal,none
105,825,0,28.2439254221869,0.0,4,7.298580087303598,32491.768799750233,11.544303805282185,4,0,1,0,0.11932106007507,28.052898123896796,12.270903352148586,0.16666666666666652,0,0,0,0,normal,none
106,830,0,31.57380583924293,5.246019464143099,7,5.232492639303992,42149.00857174043,15.089306487794254,5,0,1,0,0.039012813243947626,19.33310652817691,12.20845710778182,1.1666666666666665,0,0,0,0,normal,none
107,835,0,34.82399504042142,16.079983468071408,10,5.594418140991741,68122.07507680681,23.66776228430521,4,1,1,0,0.02504139544640461,20.796231067927888,12.137598612127164,0.3333333333333335,0,0,1,0,normal,none
108,840,0,32.64766372214023,8.825545740467435,11,4.8529635488413225,52359.400293605904,18.838222180214316,3,2,1,0,0.10221579785836588,23.857967049505387,11.926235894937602,-0.6666666666666665,0,0,0,0,normal,none
109,845,0,26.010256720124197,0.0,12,4.494220838432231,50238.024921431956,17.78421766991197,3,2,1,0,0.112252792221115,28.14690462253866,12.391744843385231,-0.8333333333333335,0,0,0,0,normal,none
110,850,0,27.433229367035228,0.0,16,3.739958060647796,39478.29133599621,15.222818588771887,4,2,1,0,0.14740908756561136,31.342613840098984,12.161644131666542,0.16666666666666652,0,0,0,0,normal,none
111,855,0,33.05339001071308,10.177966702376937,4,5.060635596686191,77226.27992507837,23.38715757535775,3,1,1,0,0.14478367983947588,27.10962989174346,12.087876636658219,-0.6666666666666665,0,0,1,0,normal,none
112,860,0,28.985222572409217,0.0,3,7.2444082181230955,65467.477307243935,21.892672685607856,3,2,1,0,0.08435434888942396,25.109201406065853,12.118458588245012,-0.3333333333333335,0,0,1,0,normal,none
113,865,0,31.670090471273756,5.566968237579187,5,6.680008835378498,64404.03762172079,22.37645773515658,4,1,1,0,0.059850778896850275,27.99879720831033,11.902766084073223,0.6666666666666665,0,0,1,0,normal,none
114,870,0,25.796212756404515,0.0,6,6.327902282130754,36849.91652252343,12.726109069498673,5,1,1,0,0.1248706893479352,30.55869372357177,12.029791053470934,1.3333333333333335,0,0,0,0,normal,none
115,875,0,27.627128816597185,0.0,8,6.758816355140048,63919.460545691705,22.6138845630304,5,2,1,0,0.10981693620849349,18.508429414573605,12.287658412174252,1.0,0,0,1,0,normal,none
116,880,0,29.037224774342405,0.0,10,5.3921843060289785,44215.7336675642,16.725061097963767,3,2,1,0,0.09166895651974981,24.568434693468603,11.934991640646714,-0.8333333333333335,0,0,0,0,normal,none
117,885,0,29.0963148158142,0.0,11,5.103599523842676,41400.596618900694,14.826506349519606,2,1,1,0,0.1406372840508381,25.53449125354758,11.9531308642337,-1.6666666666666665,0,0,0,0,normal,none
118,890,0,31.345172900613534,4.483909668711779,12,4.240547334286665,44570.56570095893,16.233892892234948,5,0,1,0,0.04514444261047229,26.561083967544747,11.87247202234462,1.0,0,0,0,0,normal,none
119,895,0,29.719482000661113,0.0,15,2.4555605399410787,38192.87196800152,15.018138025996077,4,2,1,0,0.11915810149693482,26.81434437536658,12.356897499711122,0.0,0,0,0,0,normal,none
